name,title,level,facing,categories,description,detail,remediation,metadata,cache_key,observed_at
rls_disabled_in_public,RLS Disabled in Public,ERROR,EXTERNAL,"[""SECURITY""]",Detects cases where row level security (RLS) has not been enabled on tables in schemas exposed to PostgREST,"Table \`public.ai_feedback_insights_cache\` is public, but RLS has not been enabled.",https://supabase.com/docs/guides/database/database-linter?lint=0013_rls_disabled_in_public,"{""schema"":""public"",""name"":""ai_feedback_insights_cache"",""type"":""table""}",rls_disabled_in_public_public_ai_feedback_insights_cache,2026-10-01T07:54:42.812Z
rls_disabled_in_public,RLS Disabled in Public,ERROR,EXTERNAL,"[""SECURITY""]",Detects cases where row level security (RLS) has not been enabled on tables in schemas exposed to PostgREST,"Table \`public.behavioral_states\` is public, but RLS has not been enabled.",https://supabase.com/docs/guides/database/database-linter?lint=0013_rls_disabled_in_public,"{""schema"":""public"",""name"":""behavioral_states"",""type"":""table""}",rls_disabled_in_public_public_behavioral_states,2026-10-01T07:54:42.812Z
rls_disabled_in_public,RLS Disabled in Public,ERROR,EXTERNAL,"[""SECURITY""]",Detects cases where row level security (RLS) has not been enabled on tables in schemas exposed to PostgREST,"Table \`public.alembic_version\` is public, but RLS has not been enabled.",https://supabase.com/docs/guides/database/database-linter?lint=0013_rls_disabled_in_public,"{""schema"":""public"",""name"":""alembic_version"",""type"":""table""}",rls_disabled_in_public_public_alembic_version,2026-10-01T07:54:42.812Z
rls_disabled_in_public,RLS Disabled in Public,ERROR,EXTERNAL,"[""SECURITY""]",Detects cases where row level security (RLS) has not been enabled on tables in schemas exposed to PostgREST,"Table \`public.admin_platform_insights_cache\` is public, but RLS has not been enabled.",https://supabase.com/docs/guides/database/database-linter?lint=0013_rls_disabled_in_public,"{""schema"":""public"",""name"":""admin_platform_insights_cache"",""type"":""table""}",rls_disabled_in_public_public_admin_platform_insights_cache,2026-10-01T07:54:42.812Z
rls_disabled_in_public,RLS Disabled in Public,ERROR,EXTERNAL,"[""SECURITY""]",Detects cases where row level security (RLS) has not been enabled on tables in schemas exposed to PostgREST,"Table \`public.calibration_events\` is public, but RLS has not been enabled.",https://supabase.com/docs/guides/database/database-linter?lint=0013_rls_disabled_in_public,"{""schema"":""public"",""name"":""calibration_events"",""type"":""table""}",rls_disabled_in_public_public_calibration_events,2026-10-01T07:54:42.812Z
rls_disabled_in_public,RLS Disabled in Public,ERROR,EXTERNAL,"[""SECURITY""]",Detects cases where row level security (RLS) has not been enabled on tables in schemas exposed to PostgREST,"Table \`public.lessons\` is public, but RLS has not been enabled.",https://supabase.com/docs/guides/database/database-linter?lint=0013_rls_disabled_in_public,"{""schema"":""public"",""name"":""lessons"",""type"":""table""}",rls_disabled_in_public_public_lessons,2026-10-01T07:54:42.812Z
rls_disabled_in_public,RLS Disabled in Public,ERROR,EXTERNAL,"[""SECURITY""]",Detects cases where row level security (RLS) has not been enabled on tables in schemas exposed to PostgREST,"Table \`public.personality_profiles\` is public, but RLS has not been enabled.",https://supabase.com/docs/guides/database/database-linter?lint=0013_rls_disabled_in_public,"{""schema"":""public"",""name"":""personality_profiles"",""type"":""table""}",rls_disabled_in_public_public_personality_profiles,2026-10-01T07:54:42.812Z
rls_disabled_in_public,RLS Disabled in Public,ERROR,EXTERNAL,"[""SECURITY""]",Detects cases where row level security (RLS) has not been enabled on tables in schemas exposed to PostgREST,"Table \`public.scenarios\` is public, but RLS has not been enabled.",https://supabase.com/docs/guides/database/database-linter?lint=0013_rls_disabled_in_public,"{""schema"":""public"",""name"":""scenarios"",""type"":""table""}",rls_disabled_in_public_public_scenarios,2026-10-01T07:54:42.812Z
rls_disabled_in_public,RLS Disabled in Public,ERROR,EXTERNAL,"[""SECURITY""]",Detects cases where row level security (RLS) has not been enabled on tables in schemas exposed to PostgREST,"Table \`public.users\` is public, but RLS has not been enabled.",https://supabase.com/docs/guides/database/database-linter?lint=0013_rls_disabled_in_public,"{""schema"":""public"",""name"":""users"",""type"":""table""}",rls_disabled_in_public_public_users,2026-10-01T07:54:42.812Z
rls_disabled_in_public,RLS Disabled in Public,ERROR,EXTERNAL,"[""SECURITY""]",Detects cases where row level security (RLS) has not been enabled on tables in schemas exposed to PostgREST,"Table \`public.sessions\` is public, but RLS has not been enabled.",https://supabase.com/docs/guides/database/database-linter?lint=0013_rls_disabled_in_public,"{""schema"":""public"",""name"":""sessions"",""type"":""table""}",rls_disabled_in_public_public_sessions,2026-10-01T07:54:42.812Z
rls_disabled_in_public,RLS Disabled in Public,ERROR,EXTERNAL,"[""SECURITY""]",Detects cases where row level security (RLS) has not been enabled on tables in schemas exposed to PostgREST,"Table \`public.user_settings\` is public, but RLS has not been enabled.",https://supabase.com/docs/guides/database/database-linter?lint=0013_rls_disabled_in_public,"{""schema"":""public"",""name"":""user_settings"",""type"":""table""}",rls_disabled_in_public_public_user_settings,2026-10-01T07:54:42.812Z
rls_disabled_in_public,RLS Disabled in Public,ERROR,EXTERNAL,"[""SECURITY""]",Detects cases where row level security (RLS) has not been enabled on tables in schemas exposed to PostgREST,"Table \`public.behavioral_logs\` is public, but RLS has not been enabled.",https://supabase.com/docs/guides/database/database-linter?lint=0013_rls_disabled_in_public,"{""schema"":""public"",""name"":""behavioral_logs"",""type"":""table""}",rls_disabled_in_public_public_behavioral_logs,2026-10-01T07:54:42.812Z
rls_disabled_in_public,RLS Disabled in Public,ERROR,EXTERNAL,"[""SECURITY""]",Detects cases where row level security (RLS) has not been enabled on tables in schemas exposed to PostgREST,"Table \`public.cognitive_reports\` is public, but RLS has not been enabled.",https://supabase.com/docs/guides/database/database-linter?lint=0013_rls_disabled_in_public,"{""schema"":""public"",""name"":""cognitive_reports"",""type"":""table""}",rls_disabled_in_public_public_cognitive_reports,2026-10-01T07:54:42.812Z
rls_disabled_in_public,RLS Disabled in Public,ERROR,EXTERNAL,"[""SECURITY""]",Detects cases where row level security (RLS) has not been enabled on tables in schemas exposed to PostgREST,"Table \`public.events\` is public, but RLS has not been enabled.",https://supabase.com/docs/guides/database/database-linter?lint=0013_rls_disabled_in_public,"{""schema"":""public"",""name"":""events"",""type"":""table""}",rls_disabled_in_public_public_events,2026-10-01T07:54:42.812Z
rls_disabled_in_public,RLS Disabled in Public,ERROR,EXTERNAL,"[""SECURITY""]",Detects cases where row level security (RLS) has not been enabled on tables in schemas exposed to PostgREST,"Table \`public.feedbacks\` is public, but RLS has not been enabled.",https://supabase.com/docs/guides/database/database-linter?lint=0013_rls_disabled_in_public,"{""schema"":""public"",""name"":""feedbacks"",""type"":""table""}",rls_disabled_in_public_public_feedbacks,2026-10-01T07:54:42.812Z
rls_disabled_in_public,RLS Disabled in Public,ERROR,EXTERNAL,"[""SECURITY""]",Detects cases where row level security (RLS) has not been enabled on tables in schemas exposed to PostgREST,"Table \`public.generated_scenarios\` is public, but RLS has not been enabled.",https://supabase.com/docs/guides/database/database-linter?lint=0013_rls_disabled_in_public,"{""schema"":""public"",""name"":""generated_scenarios"",""type"":""table""}",rls_disabled_in_public_public_generated_scenarios,2026-10-01T07:54:42.812Z
rls_disabled_in_public,RLS Disabled in Public,ERROR,EXTERNAL,"[""SECURITY""]",Detects cases where row level security (RLS) has not been enabled on tables in schemas exposed to PostgREST,"Table \`public.user_lessons\` is public, but RLS has not been enabled.",https://supabase.com/docs/guides/database/database-linter?lint=0013_rls_disabled_in_public,"{""schema"":""public"",""name"":""user_lessons"",""type"":""table""}",rls_disabled_in_public_public_user_lessons,2026-10-01T07:54:42.812Z
rls_disabled_in_public,RLS Disabled in Public,ERROR,EXTERNAL,"[""SECURITY""]",Detects cases where row level security (RLS) has not been enabled on tables in schemas exposed to PostgREST,"Table \`public.feedback_attachments\` is public, but RLS has not been enabled.",https://supabase.com/docs/guides/database/database-linter?lint=0013_rls_disabled_in_public,"{""schema"":""public"",""name"":""feedback_attachments"",""type"":""table""}",rls_disabled_in_public_public_feedback_attachments,2026-10-01T07:54:42.812Z
rls_disabled_in_public,RLS Disabled in Public,ERROR,EXTERNAL,"[""SECURITY""]",Detects cases where row level security (RLS) has not been enabled on tables in schemas exposed to PostgREST,"Table \`public.feedback_notes\` is public, but RLS has not been enabled.",https://supabase.com/docs/guides/database/database-linter?lint=0013_rls_disabled_in_public,"{""schema"":""public"",""name"":""feedback_notes"",""type"":""table""}",rls_disabled_in_public_public_feedback_notes,2026-10-01T07:54:42.812Z
rls_disabled_in_public,RLS Disabled in Public,ERROR,EXTERNAL,"[""SECURITY""]",Detects cases where row level security (RLS) has not been enabled on tables in schemas exposed to PostgREST,"Table \`public.intervention_logs\` is public, but RLS has not been enabled.",https://supabase.com/docs/guides/database/database-linter?lint=0013_rls_disabled_in_public,"{""schema"":""public"",""name"":""intervention_logs"",""type"":""table""}",rls_disabled_in_public_public_intervention_logs,2026-10-01T07:54:42.812Z
sensitive_columns_exposed,Sensitive Columns Exposed,ERROR,EXTERNAL,"[""SECURITY""]","Detects tables exposed via API that contain columns with potentially sensitive data (PII, credentials, financial info) without RLS protection.",Table `public.behavioral_logs` is exposed via API without RLS and contains potentially sensitive column(s): session_id. This may lead to data exposure.,https://supabase.com/docs/guides/database/database-linter?lint=0023_sensitive_columns_exposed,"{""schema"":""public"",""name"":""behavioral_logs"",""type"":""table"",""matched_patterns"":[""session_id""],""sensitive_columns"":[""session_id""]}",sensitive_columns_exposed_public_behavioral_logs,2026-10-01T07:54:42.812Z
sensitive_columns_exposed,Sensitive Columns Exposed,ERROR,EXTERNAL,"[""SECURITY""]","Detects tables exposed via API that contain columns with potentially sensitive data (PII, credentials, financial info) without RLS protection.",Table `public.cognitive_reports` is exposed via API without RLS and contains potentially sensitive column(s): session_id. This may lead to data exposure.,https://supabase.com/docs/guides/database/database-linter?lint=0023_sensitive_columns_exposed,"{""schema"":""public"",""name"":""cognitive_reports"",""type"":""table"",""matched_patterns"":[""session_id""],""sensitive_columns"":[""session_id""]}",sensitive_columns_exposed_public_cognitive_reports,2026-10-01T07:54:42.812Z
sensitive_columns_exposed,Sensitive Columns Exposed,ERROR,EXTERNAL,"[""SECURITY""]","Detects tables exposed via API that contain columns with potentially sensitive data (PII, credentials, financial info) without RLS protection.",Table `public.events` is exposed via API without RLS and contains potentially sensitive column(s): session_id. This may lead to data exposure.,https://supabase.com/docs/guides/database/database-linter?lint=0023_sensitive_columns_exposed,"{""schema"":""public"",""name"":""events"",""type"":""table"",""matched_patterns"":[""session_id""],""sensitive_columns"":[""session_id""]}",sensitive_columns_exposed_public_events,2026-10-01T07:54:42.812Z
sensitive_columns_exposed,Sensitive Columns Exposed,ERROR,EXTERNAL,"[""SECURITY""]","Detects tables exposed via API that contain columns with potentially sensitive data (PII, credentials, financial info) without RLS protection.",Table `public.feedbacks` is exposed via API without RLS and contains potentially sensitive column(s): session_id. This may lead to data exposure.,https://supabase.com/docs/guides/database/database-linter?lint=0023_sensitive_columns_exposed,"{""schema"":""public"",""name"":""feedbacks"",""type"":""table"",""matched_patterns"":[""session_id""],""sensitive_columns"":[""session_id""]}",sensitive_columns_exposed_public_feedbacks,2026-10-01T07:54:42.812Z
sensitive_columns_exposed,Sensitive Columns Exposed,ERROR,EXTERNAL,"[""SECURITY""]","Detects tables exposed via API that contain columns with potentially sensitive data (PII, credentials, financial info) without RLS protection.",Table `public.generated_scenarios` is exposed via API without RLS and contains potentially sensitive column(s): session_id. This may lead to data exposure.,https://supabase.com/docs/guides/database/database-linter?lint=0023_sensitive_columns_exposed,"{""schema"":""public"",""name"":""generated_scenarios"",""type"":""table"",""matched_patterns"":[""session_id""],""sensitive_columns"":[""session_id""]}",sensitive_columns_exposed_public_generated_scenarios,2026-10-01T07:54:42.812Z
sensitive_columns_exposed,Sensitive Columns Exposed,ERROR,EXTERNAL,"[""SECURITY""]","Detects tables exposed via API that contain columns with potentially sensitive data (PII, credentials, financial info) without RLS protection.",Table `public.intervention_logs` is exposed via API without RLS and contains potentially sensitive column(s): session_id. This may lead to data exposure.,https://supabase.com/docs/guides/database/database-linter?lint=0023_sensitive_columns_exposed,"{""schema"":""public"",""name"":""intervention_logs"",""type"":""table"",""matched_patterns"":[""session_id""],""sensitive_columns"":[""session_id""]}",sensitive_columns_exposed_public_intervention_logs,2026-10-01T07:54:42.812Z
sensitive_columns_exposed,Sensitive Columns Exposed,ERROR,EXTERNAL,"[""SECURITY""]","Detects tables exposed via API that contain columns with potentially sensitive data (PII, credentials, financial info) without RLS protection.",Table `public.user_lessons` is exposed via API without RLS and contains potentially sensitive column(s): session_id. This may lead to data exposure.,https://supabase.com/docs/guides/database/database-linter?lint=0023_sensitive_columns_exposed,"{""schema"":""public"",""name"":""user_lessons"",""type"":""table"",""matched_patterns"":[""session_id""],""sensitive_columns"":[""session_id""]}",sensitive_columns_exposed_public_user_lessons,2026-10-01T07:54:42.812Z